test_file_name,p/37__jd7iC30/00002.wav,p/37__jd7iC30/00003.wav,q/37__jd7iC30/00002.wav,q/37__jd7iC30/00003.wav
DEV402/wav/paibn.wav,0.46243912,0.4608819,10.693115316058538,10.14609494079923
DEV402/wav/gtjow.wav,0.69139457,0.7377794,15.82522384665208,17.215251018642448
